{"cameraMode":{"drawMode":0,"name":"Shaded","section":"Shading Mode"},"sceneLighting":true,"audioPlay":false,"sceneViewState":{"m_AlwaysRefresh":false,"showFog":true,"showSkybox":true,"showFlares":true,"showImageEffects":true,"showParticleSystems":true,"showVisualEffectGraphs":true,"m_FxEnabled":true},"in2DMode":false,"pivot":{"x":-2.349604606628418,"y":8.924270629882813,"z":5.075013160705566},"rotation":{"x":0.00008989678462967277,"y":0.9979127049446106,"z":-0.06748777627944946,"w":-0.01876518875360489},"size":18.90070915222168,"orthographic":false}